Workbook

Sheet まほう
B1: 入力値 | C1: 基準値（予測） | D1: 差 | E1: 単位
A2: 身長 | C2: =133.0071 + (0.5861 * B3) -> 133.0071 | D2: =B2-C2 -> -133.0071 | E2: cm
A3: 体重 | C3: =20.4586 + (0.2702 * B2) -> 20.4586 | D3: =B3-C3 -> -20.4586 | E3: kg
A4: 首回り | C4: =34.3765 + (-0.0602*B2) + (0.1946*B3) -> 34.3765 | D4: =B4-C4 -> -34.3765 | E4: cm
A5: 肩幅 | C5: =26.3113 + (0.0601*B2) + (0.1215*B3) -> 26.3113 | D5: =B5-C5 -> -26.3113 | E5: cm
A6: 裄丈 | C6: =8.3731 + (0.3883*B2) + (0.0709*B3) -> 8.3731 | D6: =B6-C6 -> -8.3731 | E6: cm
A7: 手首回り | C7: =11.746 + (0.0017*B2) + (0.0658*B3) -> 11.746 | D7: =B7-C7 -> -11.746 | E7: cm
A8: バスト | C8: =85.9925 + (-0.2084*B2) + (0.6495*B3) -> 85.9925 | D8: =B8-C8 -> -85.9925 | E8: cm
A9: ウエスト | C9: =94.891 + (-0.3869*B2) + (0.7827*B3) -> 94.891 | D9: =B9-C9 -> -94.891 | E9: cm
A10: パンツウエスト | C10: =70.3661 + (-0.192*B2) + (0.677*B3) -> 70.3661 | D10: =B10-C10 -> -70.3661 | E10: cm
A11: ヒップ | C11: =72.6267 + (-0.0727*B2) + (0.5287*B3) -> 72.6267 | D11: =B11-C11 -> -72.6267 | E11: cm
A12: 太ももまわり | C12: =53.1544 + (-0.1385*B2) + (0.3826*B3) -> 53.1544 | D12: =B12-C12 -> -53.1544 | E12: cm
A13: 膝回り | C13: =27.4387 + (-0.0111*B2) + (0.1754*B3) -> 27.4387 | D13: =B13-C13 -> -27.4387 | E13: cm
A14: ふくらはぎ | C14: =34.1819 + (-0.0701*B2) + (0.2267*B3) -> 34.1819 | D14: =B14-C14 -> -34.1819 | E14: cm
A16: 出力項目 | B16: 推奨サイズ
B17: {=INDEX('パンツゲージ'!C3:C100, MATCH( MIN( ABS('パンツゲージ'!J3:J100 - B21) + ABS('パンツゲージ'!E3:E100 - B18) ), ABS('パンツゲージ'!J3:J100 - B21) + ABS('パンツゲージ'!E3:E100 - B18), 0 ) )} | C17: Y-14 | D17: 変更差 | E17: =VLOOKUP(B17,'パンツゲージ'!C:I,7,0) -> #N/A
A18: パンツウエスト | B18: =6.5979 + (0.0049*B2) + (0.1117*B3) + (0.0434*B4) + (0.0128*B5) + (0.0294*B6) + (-0.063*B7) + (-0.05*B8) + (0.1115*B9) + (0.4557*B10) + (0.21*B11) + (0.0158*B12) + (0.0375*B13) + (0.0081*B14) -> 6.5979 | C18: =VLOOKUP(C17,'パンツゲージ'!C1:R31,3,0) -> 92 | D18: 0 | E18: =C18+D18 -> 92
A19: 股上 | B19: =9.7012 + (0.0136*B2) + (0.0141*B3) + (0.0082*B4) + (0.0046*B5) + (-0.0066*B6) + (0.045*B7) + (-0.0085*B8) + (0.0208*B9) + (0.0394*B10) + (0.0374*B11) + (0.0155*B12) + (0.0065*B13) + (0.0019*B14) -> 9.7012 | C19: =VLOOKUP(C17,'パンツゲージ'!C1:R31,5,0) -> 23.5 | E19: =C19+D19 -> 23.5
A20: 股下 | B20: =-15.9887 + (0.4936*B2) + (-0.0463*B3) + (-0.0801*B4) + (-0.1339*B5) + (0.3228*B6) + (-0.1143*B7) + (-0.0207*B8) + (0.0151*B9) + (-0.0065*B10) + (-0.0332*B11) + (-0.0693*B12) + (-0.006*B13) + (0.0219*B14) -> -15.9887 | E20: =C20+D20 -> 0
A21: 渡り幅 | B21: =7.8622 + (-0.0006*B2) + (0.0453*B3) + (0.0051*B4) + (0.005*B5) + (0.0077*B6) + (0.0092*B7) + (-0.0114*B8) + (0.0223*B9) + (0.0883*B10) + (0.0838*B11) + (0.0496*B12) + (0.0286*B13) + (0.0386*B14) -> 7.8622 | C21: =VLOOKUP(C17,'パンツゲージ'!C1:R31,8,0) -> 36.5 | D21: 0.5 | E21: =C21+D21 -> 37
A22: 膝幅 | B22: =7.3394 + (0.004*B2) + (0.0315*B3) + (-0.0058*B4) + (0.0091*B5) + (0.001*B6) + (0.0247*B7) + (-0.0065*B8) + (0.0094*B9) + (0.0473*B10) + (0.0389*B11) + (0.0122*B12) + (0.0266*B13) + (0.0709*B14) -> 7.3394 | C22: =VLOOKUP(C17,'パンツゲージ'!C1:R31,11,0) -> 25.5 | E22: =C22+D22 -> 25.5
A23: 裾口幅 | B23: =7.2372 + (0.0048*B2) + (0.0181*B3) + (-0.0024*B4) + (0.0071*B5) + (0.0032*B6) + (0.049*B7) + (-0.0095*B8) + (0.0144*B9) + (0.0386*B10) + (0.0216*B11) + (-0.0082*B12) + (0.0123*B13) + (0.0674*B14) -> 7.2372 | C23: =VLOOKUP(C17,'パンツゲージ'!C1:R31,14,0) -> 20 | E23: =C23+D23 -> 20
B25: {=INDEX('ジャケットゲージ'!B3:B100, MATCH( MIN( ABS('ジャケットゲージ'!E3:E100 - B26) + ABS('ジャケットゲージ'!C3:C100 - B27) + ABS('ジャケットゲージ'!D3:D100 - B28) ), ABS('ジャケットゲージ'!E3:E100 - B26) + ABS('ジャケットゲージ'!C3:C100 - B27) + ABS('ジャケットゲージ'!D3:D100 - B28), 0 ) )} | C25: YA-13 | E25: =VLOOKUP(C25,'ジャケットゲージ'!B:E,2,0) -> 118
A26: 肩幅 | B26: =15.9424 + (-0.0068*B2) + (0.0367*B3) + (0.0248*B4) + (0.1742*B5) + (0.045*B6) + (0.0327*B7) + (0.1115*B8) + (0.0242*B9) + (0.014*B10) + (0.0099*B11) + (-0.0188*B12) + (0.0047*B13) + (-0.0025*B14) -> 15.9424 | C26: =15.9424 + (-0.0068*C2) + (0.0367*C3) + (0.0248*C4) + (0.1742*C5) + (0.045*C6) + (0.0327*C7) + (0.1115*C8) + (0.0242*C9) + (0.014*C10) + (0.0099*C11) + (-0.0188*C12) + (0.0047*C13) + (-0.0025*C14) -> 34.618492 | D26: =C26-B26 -> 18.676092 | E26: =C26+D26 -> 53.294584
A27: バスト | B27: =14.5312 + (0.0172*B2) + (0.0936*B3) + (0.0768*B4) + (0.3117*B5) + (0.1279*B6) + (0.1164*B7) + (0.466*B8) + (0.0608*B9) + (0.0468*B10) + (0.0456*B11) + (-0.0198*B12) + (0.0019*B13) + (0.0188*B14) -> 14.5312 | C27: =VLOOKUP(C25,'ジャケットゲージ'!B9:R31,2,0) -> 118 | D27: =C27-B27 -> 103.4688 | E27: =C27+D27 -> 221.4688
A28: ウエスト | B28: =9.3592 + (-0.045*B2) + (0.1483*B3) + (0.0787*B4) + (0.2348*B5) + (0.0898*B6) + (0.0452*B7) + (0.2946*B8) + (0.2541*B9) + (0.1478*B10) + (0.0585*B11) + (-0.0991*B12) + (-0.0129*B13) + (-0.0011*B14) -> 9.3592 | C28: =VLOOKUP(C25,'ジャケットゲージ'!B9:R31,3,0) -> 102 | D28: =C28-B28 -> 92.6408 | E28: =C28+D28 -> 194.6408
A29: 袖丈 | B29: =0.9736 + (0.115*B2) + (-0.0041*B3) + (-0.021*B4) + (-0.0298*B5) + (0.5717*B6) + (0.003*B7) + (-0.0413*B8) + (-0.007*B9) + (0.011*B10) + (0.0012*B11) + (-0.0072*B12) + (-0.0231*B13) + (0.0048*B14) -> 0.9736 | C29: =VLOOKUP(C25,'ジャケットゲージ'!B9:R31,6,0) -> 64 | D29: =C29-B29 -> 63.0264 | E29: =C29+D29 -> 127.0264
A30: 着丈 | B30: =13.4215 + (0.2311*B2) + (0.0286*B3) + (0.0266*B4) + (0.0108*B5) + (0.0643*B6) + (0.118*B7) + (0.0041*B8) + (0.0199*B9) + (0.0176*B10) + (0.0172*B11) + (0.0172*B12) + (0.0147*B13) + (-0.0028*B14) -> 13.4215 | C30: =VLOOKUP(C25,'ジャケットゲージ'!B9:R31,5,0) -> 74 | D30: =C30-B30 -> 60.5785 | E30: =C30+D30 -> 134.5785

Sheet シート4
A2: パンツウエスト =6.5979 + (0.0049*身長) + (0.1117*体重) + (0.0434*首回り) + (0.0128*肩幅) + (0.0294*裄丈) + (-0.063*手首回り) + (-0.05*バスト) + (0.1115*ウエスト) + (0.4557*パンツウエスト) + (0.21*ヒップ) + (0.0158*太ももまわり) + (0.0375*膝回り) + (0.0081*ふくらはぎ) 股上 =9.7012 + (0.0136*身長) + (0.0141*体重) + (0.0082*首回り) + (0.0046*肩幅) + (-0.0066*裄丈) + (0.045*手首回り) + (-0.0085*バスト) + (0.0208*ウエスト) + (0.0394*パンツウエスト) + (0.0374*ヒップ) + (0.0155*太ももまわり) + (0.0065*膝回り) + (0.0019*ふくらはぎ) 股下 =-15.9887 + (0.4936*身長) + (-0.0463*体重) + (-0.0801*首回り) + (-0.1339*肩幅) + (0.3228*裄丈) + (-0.1143*手首回り) + (-0.0207*バスト) + (0.0151*ウエスト) + (-0.0065*パンツウエスト) + (-0.0332*ヒップ) + (-0.0693*太ももまわり) + (-0.006*膝回り) + (0.0219*ふくらはぎ) 渡り幅 =7.8622 + (-0.0006*身長) + (0.0453*体重) + (0.0051*首回り) + (0.005*肩幅) + (0.0077*裄丈) + (0.0092*手首回り) + (-0.0114*バスト) + (0.0223*ウエスト) + (0.0883*パンツウエスト) + (0.0838*ヒップ) + (0.0496*太ももまわり) + (0.0286*膝回り) + (0.0386*ふくらはぎ) 膝回り =7.3394 + (0.004*身長) + (0.0315*体重) + (-0.0058*首回り) + (0.0091*肩幅) + (0.001*裄丈) + (0.0247*手首回り) + (-0.0065*バスト) + (0.0094*ウエスト) + (0.0473*パンツウエスト) + (0.0389*ヒップ) + (0.0122*太ももまわり) + (0.0266*膝回り) + (0.0709*ふくらはぎ) 裾口幅 =7.2372 + (0.0048*身長) + (0.0181*体重) + (-0.0024*首回り) + (0.0071*肩幅) + (0.0032*裄丈) + (0.049*手首回り) + (-0.0095*バスト) + (0.0144*ウエスト) + (0.0386*パンツウエスト) + (0.0216*ヒップ) + (-0.0082*太ももまわり) + (0.0123*膝回り) + (0.0674*ふくらはぎ)
C19: ふくらはぎ

Sheet パンツゲージ
A1: 号数 | B1: ゲージ ◉=有り | C1: パターン | D1: ヒップ | E1: ウエスト | G1: 股上 | I1: ヒップ仕上がり寸 | J1: 渡り上り寸法 | M1: ヒザ上り寸法 | P1: 裾口
D2: ヒップトリ寸 | E2: 標準 | F2: 限界 | G2: 標準 | H2: 限界 | I2: タック無し | J2: タック無し | K2: MIN | L2: MAX | M2: タック無し | N2: MIN | O2: MAX | P2: タック無し | Q2: MIN | R2: MAX
A3: 1 | B3: ◉ | C3: Y-1 | D3: 79 | E3: 66 | F3: 62〜70 | G3: 20 | H3: 16〜24 | I3: 85 | J3: 28 | K3: 25 | L3: 31 | M3: 20.5 | N3: 19 | O3: 22.5 | P3: 17 | Q3: 15.5 | R3: 18.5
A4: 2 | B4: ◉ | C4: Y-2 | D4: 81 | E4: 68 | F4: 64〜72 | G4: 20 | H4: 16〜24 | I4: 87 | J4: 28.5 | K4: 25.5 | L4: 31.5 | M4: 20.5 | N4: 19 | O4: 23 | P4: 17 | Q4: 15.5 | R4: 18.5
A5: 3 | B5: ◉ | C5: Y-3 | D5: 83 | E5: 70 | F5: 66〜74 | G5: 20.5 | H5: 16.5〜24.5 | I5: 89 | J5: 29 | K5: 26 | L5: 32 | M5: 21 | N5: 19.5 | O5: 23.5 | P5: 17.5 | Q5: 16 | R5: 19
A6: 4 | B6: ◉ | C6: Y-4 | D6: 84 | E6: 72 | F6: 68〜76 | G6: 21 | H6: 17〜25 | I6: 90 | J6: 29.5 | K6: 26.5 | L6: 32.5 | M6: 21.5 | N6: 20 | O6: 24 | P6: 17.5 | Q6: 16 | R6: 19
A7: 5 | B7: ◉ | C7: Y-5 | D7: 87 | E7: 74 | F7: 70〜78 | G7: 21 | H7: 17〜25 | I7: 93 | J7: 30.5 | K7: 27.5 | L7: 33.5 | M7: 21.5 | N7: 20 | O7: 24 | P7: 18 | Q7: 16.5 | R7: 19.5
A8: 6 | B8: ◉ | C8: Y-6 | D8: 89 | E8: 76 | F8: 72〜80 | G8: 21.5 | H8: 17.5〜25.5 | I8: 95 | J8: 31 | K8: 28 | L8: 34 | M8: 22 | N8: 20.5 | O8: 24.5 | P8: 18 | Q8: 16.5 | R8: 19.5
A9: 7 | B9: ◉ | C9: Y-7 | D9: 92 | E9: 78 | F9: 74〜82 | G9: 22 | H9: 18〜26 | I9: 98 | J9: 32 | K9: 29 | L9: 35 | M9: 22 | N9: 20.5 | O9: 24.5 | P9: 18.5 | Q9: 17 | R9: 20
A10: 8 | B10: ◉ | C10: Y-8 | D10: 94 | E10: 80 | F10: 76〜84 | G10: 22 | H10: 18〜26 | I10: 100 | J10: 32.5 | K10: 29.5 | L10: 35.5 | M10: 22.5 | N10: 21 | O10: 25 | P10: 18.5 | Q10: 17 | R10: 20
A11: 9 | B11: ◉ | C11: Y-9 | D11: 95 | E11: 82 | F11: 78〜86 | G11: 22.5 | H11: 18.5〜26.5 | I11: 101 | J11: 33 | K11: 30 | L11: 36 | M11: 23 | N11: 21.5 | O11: 25.5 | P11: 19 | Q11: 17.5 | R11: 20.5
A12: 10 | B12: ◉ | C12: Y-10 | D12: 98 | E12: 84 | F12: 80〜88 | G12: 22.5 | H12: 18.5〜26.5 | I12: 104 | J12: 34 | K12: 31 | L12: 37 | M12: 23.5 | N12: 22 | O12: 26 | P12: 19 | Q12: 17.5 | R12: 20.5
A13: 11 | B13: ◉ | C13: Y-11 | D13: 100 | E13: 86 | F13: 82〜90 | G13: 23 | H13: 19〜27 | I13: 106 | J13: 34.5 | K13: 31.5 | L13: 37.5 | M13: 24 | N13: 22.5 | O13: 27 | P13: 19.5 | Q13: 18 | R13: 21
A14: 12 | B14: ◉ | C14: Y-12 | D14: 103 | E14: 88 | F14: 84〜92 | G14: 23 | H14: 19〜27 | I14: 109 | J14: 35.5 | K14: 32.5 | L14: 38.5 | M14: 24.5 | N14: 22.5 | O14: 27.5 | P14: 19.5 | Q14: 17.5 | R14: 21.5
... A39: 20 | B39: ◉ | C39: B-20 | D39: 135 | E39: 118 | F39: 114〜122 | G39: 28 | H39: 24〜32 | I39: 141 | J39: 44.5 | K39: 41.5 | L39: 47.5 | M39: 30.5 | N39: 28.5 | O39: 34 | P39: 25 | Q39: 22 | R39: 26

Sheet ジャケットゲージ
B1: タグ表示 | C1: タグ表示 | D1: タグ表示 | E1: タグ表示 | F1: タグ表示 | G1: タグ表示 | H1: タグ表示
A2: No. | B2: パターン | C2: バスト上がり | D2: ウエスト上がり | E2: 肩巾 | F2: 着丈基準値 | G2: 袖丈基準値 | H2: 指定袖口巾 | I2: シングル衿巾 | J2: ダブル衿巾 | K2: スリム
A3: 1 | B3: Y-1 | C3: 90 | D3: 72 | E3: 39 | F3: 68 | G3: 58 | H3: 12.1 | I3: 7 | J3: 8 | K3: 6
A4: 2 | B4: Y-2 | C4: 92 | D4: 74 | E4: 39.5 | F4: 68 | G4: 58 | H4: 12.3 | I4: 7 | J4: 8 | K4: 6
A5: 3 | B5: YA-1 | C5: 94 | D5: 78 | E5: 39.5 | F5: 68 | G5: 58 | H5: 12.4 | I5: 7 | J5: 8 | K5: 6
A6: 4 | B6: YA-2 | C6: 96 | D6: 80 | E6: 40 | F6: 68 | G6: 58 | H6: 12.6 | I6: 7 | J6: 8 | K6: 6
A7: 5 | B7: YA-3 | C7: 98 | D7: 82 | E7: 40.5 | F7: 68 | G7: 58 | H7: 12.7 | I7: 7 | J7: 8 | K7: 6
A8: 6 | B8: YA-4 | C8: 100 | D8: 84 | E8: 41 | F8: 70 | G8: 60 | H8: 12.9 | I8: 7 | J8: 8 | K8: 6
A9: 7 | B9: YA-5 | C9: 102 | D9: 86 | E9: 41.5 | F9: 70 | G9: 60 | H9: 13 | I9: 7.5 | J9: 8.5 | K9: 6.5
A10: 8 | B10: YA-6 | C10: 104 | D10: 88 | E10: 42 | F10: 70 | G10: 60 | H10: 13.2 | I10: 7.5 | J10: 8.5 | K10: 6.5
A11: 9 | B11: YA-7 | C11: 106 | D11: 90 | E11: 42.5 | F11: 70 | G11: 60 | H11: 13.3 | I11: 8 | J11: 9 | K11: 7
A12: 10 | B12: YA-8 | C12: 108 | D12: 92 | E12: 43 | F12: 72 | G12: 62 | H12: 13.5 | I12: 8 | J12: 9 | K12: 7
A13: 11 | B13: YA-9 | C13: 110 | D13: 94 | E13: 43.5 | F13: 72 | G13: 62 | H13: 13.6 | I13: 8 | J13: 9 | K13: 7
A14: 12 | B14: YA-10 | C14: 112 | D14: 96 | E14: 44 | F14: 72 | G14: 62 | H14: 13.8 | I14: 8 | J14: 9 | K14: 7
... A37: 35 | B37: B-22 | C37: 145 | D37: 139 | E37: 53.5 | F37: 76 | G37: 64 | H37: 16.3 | I37: 10.5 | J37: 11.5 | K37: 9
